<addon id="plugin.video.viii"
       name="VIII"
       version="1.0.0"
       provider-name="YourName">
    <extension point="xbmc.python.pluginsource" library="main.py">
        <provides>video</provides>
    </extension>
    <extension point="xbmc.addon.metadata">
        <summary lang="en">Public Domain Movies</summary>
        <description lang="en">Browse and watch movies from Archive.org's public domain collection.</description>
        <platform>all</platform>
        <assets>
            <icon>icon.png</icon>
    </extension>
</addon>